iter	Logloss
0	0.30164736
1	0.2210116942
2	0.1910143303
3	0.1794528295
4	0.174178157
